<?xml version='1.0' encoding='UTF-8' ?>
<timeLogEntries>
  <time id="29" path="/videogame-store/PSP0/Test" start="@1632833187876" delta="5" flag="A" />
  <time id="30" path="/videogame-store/PSP0/Test" start="@1632834688014" delta="84" interrupt="6" flag="A" />
  <time id="31" path="/videogame-store/PSP0/Test" start="@1632844951264" delta="98" interrupt="11" flag="A" />
  <time id="32" path="/videogame-store/PSP0/Compile" start="@1632861566685" delta="16" flag="A" />
  <time id="33" path="/videogame-store/PSP0/Compile" start="@1632862517437" delta="52" flag="A" />
  <time id="34" path="/videogame-store/PSP0/Compile" start="@1632866698482" delta="27" flag="A" />
  <time id="35" path="/videogame-store/PSP0/Compile" start="@1632872028467" delta="19" flag="A" />
  <time id="36" path="/videogame-store/PSP0/Postmortem" start="@1632874458066" delta="53" flag="A" />
  <time id="37" path="/videogame-store/PSP0/Test" start="@1632880824297" delta="19" flag="A" />
  <time id="38" path="/videogame-store/PSP0/Compile" start="@1632881961191" delta="41" flag="A" />
  <time id="39" path="/videogame-store/PSP0/Postmortem" start="@1632886455137" delta="19" flag="A" />
</timeLogEntries>
