<?xml version='1.0' encoding='UTF-8' ?>
<timeLogEntries>
  <time id="1" path="/videogame-store/PSP0/Planning" start="@1631665369980" delta="35" />
  <time id="2" path="/videogame-store/PSP0/Planning" start="@1631675251756" delta="104" />
  <time id="3" path="/videogame-store/PSP0/Planning" start="@1631930242128" delta="46" />
  <time id="4" path="/videogame-store/PSP0/Planning" start="@1631939044067" delta="89" />
  <time id="5" path="/videogame-store/PSP0/Planning" start="@1631981663336" delta="29" />
  <time id="6" path="/videogame-store/PSP0/Design" start="@1631983470129" delta="16" />
  <time id="7" path="/videogame-store/PSP0/Design" start="@1632001120000" delta="133" />
  <time id="8" path="/videogame-store/PSP0/Design" start="@1632077118655" delta="45" interrupt="9" />
  <time id="9" path="/videogame-store/PSP0/Design" start="@1632084602655" delta="10" />
  <time id="10" path="/videogame-store/PSP0/Code" start="@1632089859501" delta="84" />
  <time id="11" path="/videogame-store/PSP0/Code" start="@1632450910393" delta="72" />
  <time id="12" path="/videogame-store/PSP0/Test" start="@1632456238733" delta="17" />
  <time id="13" path="/videogame-store/PSP0/Code" start="@1632486872177" delta="48" />
  <time id="14" path="/videogame-store/PSP0/Test" start="@1632489738226" delta="22" />
  <time id="15" path="/videogame-store/PSP0/Code" start="@1632541590282" delta="35" interrupt="3" />
  <time id="16" path="/videogame-store/PSP0/Code" start="@1632544850560" delta="20" />
  <time id="17" path="/videogame-store/PSP0/Postmortem" start="@1632609600624" delta="33" />
  <time id="18" path="/videogame-store/PSP0/Postmortem" start="@1632612360319" delta="14" />
  <time id="19" path="/videogame-store/PSP0/Postmortem" start="@1632618098254" delta="70" interrupt="2" />
  <time id="20" path="/videogame-store/PSP0/Postmortem" start="@1632628490279" delta="97" />
  <time id="21" path="/videogame-store/PSP0/Postmortem" start="@1632671040094" delta="35" />
  <time id="22" path="/videogame-store/PSP0/Postmortem" start="@1632679465610" delta="30" />
  <time id="23" path="/videogame-store/PSP0/Test" start="@1632688605272" delta="15" />
  <time id="24" path="/videogame-store/PSP0/Test" start="@1632691627223" delta="38" />
  <time id="25" path="/videogame-store/PSP0/Postmortem" start="@1632713059245" delta="30" />
  <time id="26" path="/videogame-store/PSP0/Test" start="@1632801693523" delta="49" />
  <time id="27" path="/videogame-store/PSP0/Test" start="@1632805436719" delta="24" />
  <time id="28" path="/videogame-store/PSP0/Test" start="@1632808371629" delta="17" />
</timeLogEntries>
