<?xml version='1.0' encoding='UTF-8' ?>
<timeLogEntries>
  <time id="1" path="/videogame-store/PSP0/Planning" start="@1631658658135" delta="62" interrupt="8" />
  <time id="2" path="/videogame-store/PSP0/Planning" start="@1631663952085" delta="2" />
  <time id="3" path="/videogame-store/PSP0/Planning" start="@1631665172050" delta="42" />
  <time id="4" path="/videogame-store/PSP0/Planning" start="@1632002214700" delta="96" />
  <time id="5" path="/videogame-store/PSP0/Design" start="@1632261034678" delta="5" />
  <time id="6" path="/videogame-store/PSP0/Design" start="@1632417530462" delta="150" />
  <time id="7" path="/videogame-store/PSP0/Design" start="@1632852344361" delta="104" />
  <time id="8" path="/videogame-store/PSP0/Code" start="@1632858606831" delta="531" />
</timeLogEntries>
